,loss,Focus_Label_loss,StigX_Label_loss,StigY_Label_loss,Focus_Label_categorical_crossentropy,Focus_Label_mean_squared_error,Focus_Label_categorical_accuracy,StigX_Label_categorical_crossentropy,StigX_Label_mean_squared_error,StigX_Label_categorical_accuracy,StigY_Label_categorical_crossentropy,StigY_Label_mean_squared_error,StigY_Label_categorical_accuracy,val_loss,val_Focus_Label_loss,val_StigX_Label_loss,val_StigY_Label_loss,val_Focus_Label_categorical_crossentropy,val_Focus_Label_mean_squared_error,val_Focus_Label_categorical_accuracy,val_StigX_Label_categorical_crossentropy,val_StigX_Label_mean_squared_error,val_StigX_Label_categorical_accuracy,val_StigY_Label_categorical_crossentropy,val_StigY_Label_mean_squared_error,val_StigY_Label_categorical_accuracy,lr
0,10.433210372924805,3.385857343673706,3.385223865509033,3.382908344268799,3.385857343673706,0.9211369156837463,0.4211827516555786,3.385223865509033,0.9204682111740112,0.4153926372528076,3.382908344268799,0.9215481877326965,0.41311562061309814,9.88576889038086,3.218635320663452,3.2184126377105713,3.217921257019043,3.218635320663452,0.8976969718933105,0.6267569065093994,3.2184126377105713,0.8973178267478943,0.6720458269119263,3.217921257019043,0.8970175981521606,0.6845393180847168,0.001
1,10.078019142150879,3.297733783721924,3.2950944900512695,3.2947349548339844,3.297733783721924,0.9106523394584656,0.549671471118927,3.2950944900512695,0.9098848104476929,0.5520135164260864,3.2947349548339844,0.9104535579681396,0.5526641011238098,9.83124828338623,3.2242562770843506,3.2274603843688965,3.2246618270874023,3.2242562770843506,0.8989059329032898,0.7142113447189331,3.2274603843688965,0.8995105028152466,0.7324310541152954,3.2246618270874023,0.8987951874732971,0.7313898801803589,0.001
2,9.99344253540039,3.288501739501953,3.285099983215332,3.2882769107818604,3.288501739501953,0.9090357422828674,0.5923492312431335,3.285099983215332,0.9084869623184204,0.6026283502578735,3.2882769107818604,0.9091277122497559,0.6007416844367981,9.747775077819824,3.2157013416290283,3.2087008953094482,3.2134509086608887,3.2157013416290283,0.8956135511398315,0.7110880017280579,3.2087008953094482,0.8941795229911804,0.7027589678764343,3.2134509086608887,0.8939512372016907,0.7220197916030884,0.001
3,9.951251983642578,3.2849862575531006,3.284358024597168,3.2846405506134033,3.2849862575531006,0.9085485935211182,0.622275710105896,3.284358024597168,0.9086914658546448,0.6194131970405579,3.2846405506134033,0.9086313247680664,0.6220154762268066,9.771655082702637,3.225255012512207,3.2295360565185547,3.2289540767669678,3.225255012512207,0.8987153768539429,0.7272254228591919,3.2295360565185547,0.899381697177887,0.6652784943580627,3.2289540767669678,0.8994093537330627,0.7188963890075684,0.001
4,9.931859970092773,3.2818965911865234,3.2846269607543945,3.2827491760253906,3.2818965911865234,0.908553421497345,0.6242274641990662,3.2846269607543945,0.909164547920227,0.6298874616622925,3.2827491760253906,0.9087894558906555,0.632164478302002,9.689016342163086,3.199197292327881,3.2070810794830322,3.2040855884552,3.199197292327881,0.8916787505149841,0.681936502456665,3.2070810794830322,0.8942322134971619,0.6918271780014038,3.2040855884552,0.89305180311203,0.7235814929008484,0.001
5,9.919384956359863,3.2824432849884033,3.281954050064087,3.28151273727417,3.2824432849884033,0.9088889956474304,0.6352221965789795,3.281954050064087,0.9089696407318115,0.6345716118812561,3.28151273727417,0.9087699055671692,0.6309934258460999,9.70036506652832,3.2111659049987793,3.210472345352173,3.2083654403686523,3.2111659049987793,0.8951413631439209,0.6907860636711121,3.210472345352173,0.8948996067047119,0.7272254228591919,3.2083654403686523,0.8940685391426086,0.658511221408844,0.001
6,9.917972564697266,3.2847511768341064,3.2819488048553467,3.2816531658172607,3.2847511768341064,0.9086610078811646,0.6389955282211304,3.2819488048553467,0.9080687761306763,0.6461518406867981,3.2816531658172607,0.9080719351768494,0.6458265781402588,9.670187950134277,3.204052686691284,3.199291229248047,3.1991665363311768,3.204052686691284,0.8930659890174866,0.6491410732269287,3.199291229248047,0.8914809823036194,0.6507027745246887,3.1991665363311768,0.8914567828178406,0.648099958896637,0.001
7,9.910537719726562,3.2810842990875244,3.2795844078063965,3.281419515609741,3.2810842990875244,0.9081697463989258,0.6425086259841919,3.2795844078063965,0.908026933670044,0.6408821940422058,3.281419515609741,0.9082898497581482,0.6483638286590576,9.676454544067383,3.203523635864258,3.2049412727355957,3.203374147415161,3.203523635864258,0.8921476006507874,0.7319104671478271,3.2049412727355957,0.8924841284751892,0.7329515814781189,3.203374147415161,0.8921431303024292,0.7293076515197754,0.001
8,9.913575172424316,3.2825863361358643,3.282723903656006,3.282212734222412,3.2825863361358643,0.9085045456886292,0.6406219601631165,3.282723903656006,0.9084377288818359,0.6407520771026611,3.282212734222412,0.9081459045410156,0.6402316093444824,9.645827293395996,3.1940653324127197,3.1950273513793945,3.194240093231201,3.1940653324127197,0.890203595161438,0.7199375033378601,3.1950273513793945,0.8905614018440247,0.7282665371894836,3.194240093231201,0.8897746801376343,0.7214992046356201,0.001
9,9.91565990447998,3.2825021743774414,3.2839269638061523,3.283273458480835,3.2825021743774414,0.9088671803474426,0.6442001461982727,3.2839269638061523,0.9087960124015808,0.6460217237472534,3.283273458480835,0.9087690711021423,0.6385400891304016,9.695696830749512,3.2135462760925293,3.2109215259552,3.208287239074707,3.2135462760925293,0.8956713676452637,0.7173347473144531,3.2109215259552,0.8949076533317566,0.7339926958084106,3.208287239074707,0.8943454027175903,0.7095263004302979,0.001
10,9.899542808532715,3.2792482376098633,3.2782464027404785,3.279637575149536,3.2792482376098633,0.9077811241149902,0.6462819576263428,3.2782464027404785,0.9076812267303467,0.6538937091827393,3.279637575149536,0.9078017473220825,0.654804527759552,9.666921615600586,3.20009708404541,3.1998186111450195,3.204151153564453,3.20009708404541,0.8918983936309814,0.7241020202636719,3.1998186111450195,0.8918822407722473,0.6850598454475403,3.204151153564453,0.8933702707290649,0.7173347473144531,0.001
11,9.898947715759277,3.280210494995117,3.2791507244110107,3.2762610912323,3.280210494995117,0.9079368710517883,0.6479734778404236,3.2791507244110107,0.9077997803688049,0.649860143661499,3.2762610912323,0.9072966575622559,0.6481035947799683,9.644633293151855,3.194481611251831,3.1941077709198,3.192983388900757,3.194481611251831,0.8890076279640198,0.6350858807563782,3.1941077709198,0.8888170719146729,0.7235814929008484,3.192983388900757,0.8882765173912048,0.6371681690216064,0.001
12,9.898862838745117,3.2789764404296875,3.2779386043548584,3.2774810791015625,3.2789764404296875,0.9077569246292114,0.6561707258224487,3.2779386043548584,0.9074434041976929,0.6564309597015381,3.2774810791015625,0.9074623584747314,0.6551297903060913,9.637044906616211,3.1927592754364014,3.192408561706543,3.191704750061035,3.1927592754364014,0.8879291415214539,0.7011972665786743,3.192408561706543,0.8880546689033508,0.7168141603469849,3.191704750061035,0.8873963952064514,0.7095263004302979,0.001
13,9.896552085876465,3.27531099319458,3.2771332263946533,3.2778234481811523,3.27531099319458,0.9071692824363708,0.6518118381500244,3.2771332263946533,0.9076632261276245,0.6486890912055969,3.2778234481811523,0.9077823758125305,0.6526576280593872,9.635354042053223,3.1916606426239014,3.1910977363586426,3.192140817642212,3.1916606426239014,0.8884078860282898,0.7272254228591919,3.1910977363586426,0.8880921602249146,0.7298282384872437,3.192140817642212,0.8882405757904053,0.7272254228591919,0.001
14,9.899757385253906,3.2796154022216797,3.2780864238739014,3.2786476612091064,3.2796154022216797,0.9078896045684814,0.6486240029335022,3.2780864238739014,0.9078907370567322,0.650770902633667,3.2786476612091064,0.9078357219696045,0.6568213105201721,9.645562171936035,3.1952362060546875,3.195269823074341,3.193696975708008,3.1952362060546875,0.8894543051719666,0.7256637215614319,3.195269823074341,0.8897256255149841,0.7313898801803589,3.193696975708008,0.8886246085166931,0.7308693528175354,0.001
15,9.91262435913086,3.281667709350586,3.2832534313201904,3.2837724685668945,3.281667709350586,0.9087043404579163,0.6475831270217896,3.2832534313201904,0.9090286493301392,0.6544792056083679,3.2837724685668945,0.9089890718460083,0.6529828906059265,9.638006210327148,3.1912894248962402,3.1919870376586914,3.1924357414245605,3.1912894248962402,0.8862059116363525,0.7053617835044861,3.1919870376586914,0.8860850930213928,0.7251431345939636,3.1924357414245605,0.886780321598053,0.7267048358917236,0.001
16,9.902984619140625,3.277348041534424,3.2774603366851807,3.2803235054016113,3.277348041534424,0.9072467684745789,0.6570815443992615,3.2774603366851807,0.9073848128318787,0.6580573916435242,3.2803235054016113,0.907936692237854,0.6594886183738708,9.65109920501709,3.1948063373565674,3.1946234703063965,3.1953811645507812,3.1948063373565674,0.8891024589538574,0.7293076515197754,3.1946234703063965,0.8894581198692322,0.7241020202636719,3.1953811645507812,0.889318585395813,0.7293076515197754,0.001
17,9.868180274963379,3.2695045471191406,3.2695212364196777,3.269282817840576,3.2695045471191406,0.9055892825126648,0.6687268018722534,3.2695212364196777,0.9056788682937622,0.6646932363510132,3.269282817840576,0.905876874923706,0.6745820045471191,9.624429702758789,3.189565896987915,3.189751625061035,3.1899406909942627,3.189565896987915,0.8876521587371826,0.6527850031852722,3.189751625061035,0.8878838419914246,0.6475793719291687,3.1899406909942627,0.887837290763855,0.6600728631019592,0.000100000005
18,9.845651626586914,3.265448808670044,3.265012741088867,3.2633979320526123,3.265448808670044,0.9048589468002319,0.6680111885070801,3.265012741088867,0.9050546884536743,0.6615704894065857,3.2633979320526123,0.9045417308807373,0.6706134676933289,9.616812705993652,3.189061164855957,3.189199209213257,3.1893258094787598,3.189061164855957,0.8876078724861145,0.683498203754425,3.189199209213257,0.887704074382782,0.6428943276405334,3.1893258094787598,0.887603759765625,0.6616345643997192,0.000100000005
19,9.823945999145508,3.259955883026123,3.258568286895752,3.2583470344543457,3.259955883026123,0.9040248394012451,0.677574634552002,3.258568286895752,0.903764009475708,0.6695725917816162,3.2583470344543457,0.9038981795310974,0.6815431714057922,9.605692863464355,3.187255620956421,3.1866729259490967,3.1868464946746826,3.187255620956421,0.8874228596687317,0.6486204862594604,3.1866729259490967,0.8872342109680176,0.683498203754425,3.1868464946746826,0.8872219920158386,0.7241020202636719,0.000100000005
20,9.812002182006836,3.2549259662628174,3.257927894592285,3.2555019855499268,3.2549259662628174,0.9029802680015564,0.6763385534286499,3.257927894592285,0.9033644795417786,0.6706785559654236,3.2555019855499268,0.9029945135116577,0.6797866225242615,9.603706359863281,3.1870570182800293,3.1872968673706055,3.187217950820923,3.1870570182800293,0.8876667022705078,0.6507027745246887,3.1872968673706055,0.887759268283844,0.6741280555725098,3.187217950820923,0.8877550363540649,0.6652784943580627,0.000100000005
21,9.813867568969727,3.257584571838379,3.2574315071105957,3.2578365802764893,3.257584571838379,0.9036534428596497,0.6742567420005798,3.2574315071105957,0.9035543203353882,0.6778348684310913,3.2578365802764893,0.9035957455635071,0.6796565055847168,9.590747833251953,3.1837711334228516,3.1831586360931396,3.1839094161987305,3.1837711334228516,0.8863404393196106,0.6866215467453003,3.1831586360931396,0.8862172365188599,0.6647579669952393,3.1839094161987305,0.8864963054656982,0.6418532133102417,0.000100000005
22,9.806687355041504,3.255000114440918,3.256394147872925,3.256162643432617,3.255000114440918,0.9031575918197632,0.6751675009727478,3.256394147872925,0.9031516313552856,0.6728904843330383,3.256162643432617,0.9033843874931335,0.676663875579834,9.587474822998047,3.1831815242767334,3.182805299758911,3.183271884918213,3.1831815242767334,0.8856287002563477,0.7282665371894836,3.182805299758911,0.8857243061065674,0.7282665371894836,3.183271884918213,0.8856793642044067,0.7230609059333801,0.000100000005
23,9.809816360473633,3.256743907928467,3.2564868927001953,3.2591397762298584,3.256743907928467,0.902984082698822,0.6741916537284851,3.2564868927001953,0.9029315710067749,0.6719797253608704,3.2591397762298584,0.9032621383666992,0.6738013029098511,9.589971542358398,3.184375286102295,3.184311628341675,3.1847035884857178,3.184375286102295,0.8866536617279053,0.7220197916030884,3.184311628341675,0.8866364359855652,0.7017178535461426,3.1847035884857178,0.886848509311676,0.6678813099861145,0.000100000005
24,9.801568984985352,3.254107713699341,3.254965305328369,3.256413698196411,3.254107713699341,0.9030466675758362,0.6764686703681946,3.254965305328369,0.9030474424362183,0.6765987873077393,3.256413698196411,0.9034808874130249,0.6684015393257141,9.588335990905762,3.184429168701172,3.1840174198150635,3.1845555305480957,3.184429168701172,0.8863788843154907,0.7090057134628296,3.1840174198150635,0.8863111138343811,0.7017178535461426,3.1845555305480957,0.886505126953125,0.7090057134628296,0.000100000005
25,9.798665046691895,3.2558884620666504,3.2544143199920654,3.2536942958831787,3.2558884620666504,0.9029793739318848,0.6879838705062866,3.2544143199920654,0.9027389287948608,0.6801118850708008,3.2536942958831787,0.9028179049491882,0.6835599541664124,9.585740089416504,3.184171676635742,3.1835885047912598,3.183732271194458,3.184171676635742,0.8863566517829895,0.6725663542747498,3.1835885047912598,0.8861380219459534,0.7043206691741943,3.183732271194458,0.8860527276992798,0.7001561522483826,0.000100000005
26,9.793378829956055,3.2533841133117676,3.2527449131011963,3.253342628479004,3.2533841133117676,0.9027049541473389,0.6813479661941528,3.2527449131011963,0.9025194644927979,0.6792661547660828,3.253342628479004,0.9026128649711609,0.6795263886451721,9.587311744689941,3.184992551803589,3.184305429458618,3.184624433517456,3.184992551803589,0.8865371346473694,0.7235814929008484,3.184305429458618,0.886164665222168,0.7246226072311401,3.184624433517456,0.886348307132721,0.7064028978347778,0.000100000005
27,9.78679084777832,3.251149892807007,3.2513628005981445,3.2511701583862305,3.251149892807007,0.9022766351699829,0.6782903075218201,3.2513628005981445,0.9022143483161926,0.682844340801239,3.2511701583862305,0.9021255970001221,0.6819985508918762,9.579487800598145,3.1824111938476562,3.1818947792053223,3.1822245121002197,3.1824111938476562,0.8853555917739868,0.7074440121650696,3.1818947792053223,0.8852147459983826,0.7157730460166931,3.1822245121002197,0.8853757977485657,0.6855804324150085,0.000100000005
28,9.785719871520996,3.250401258468628,3.251030921936035,3.2518370151519775,3.250401258468628,0.9019151329994202,0.6866827011108398,3.251030921936035,0.9019050002098083,0.6827142238616943,3.2518370151519775,0.9020090103149414,0.6866176724433899,9.581460952758789,3.1831867694854736,3.1830456256866455,3.1833300590515137,3.1831867694854736,0.8851950764656067,0.6902654767036438,3.1830456256866455,0.8853919506072998,0.6897449493408203,3.1833300590515137,0.8855834603309631,0.6881832480430603,0.000100000005
29,9.789916038513184,3.2537901401519775,3.25388240814209,3.2506442070007324,3.2537901401519775,0.9022419452667236,0.6786806583404541,3.25388240814209,0.9023638963699341,0.6711990237236023,3.2506442070007324,0.9021103382110596,0.6797215342521667,9.584840774536133,3.184471368789673,3.184282064437866,3.184797525405884,3.184471368789673,0.8842146396636963,0.6855804324150085,3.184282064437866,0.8843197822570801,0.6564289331436157,3.184797525405884,0.8839236497879028,0.6756897568702698,0.000100000005
30,9.784431457519531,3.251650094985962,3.2513463497161865,3.250516891479492,3.251650094985962,0.9020764827728271,0.6773144006729126,3.2513463497161865,0.9022696614265442,0.6712640523910522,3.250516891479492,0.9018760323524475,0.6711339354515076,9.578048706054688,3.1827139854431152,3.1823651790618896,3.182452440261841,3.1827139854431152,0.8855730295181274,0.681936502456665,3.1823651790618896,0.8853345513343811,0.6965122222900391,3.182452440261841,0.8854101300239563,0.6845393180847168,0.000100000005
31,9.783576965332031,3.25040340423584,3.2513201236724854,3.2516982555389404,3.25040340423584,0.9019551873207092,0.6654089093208313,3.2513201236724854,0.9021428823471069,0.6706785559654236,3.2516982555389404,0.902022659778595,0.661440372467041,9.579850196838379,3.183265209197998,3.1835505962371826,3.183199167251587,3.183265209197998,0.8842848539352417,0.6533055901527405,3.1835505962371826,0.8844658732414246,0.6741280555725098,3.183199167251587,0.8846560716629028,0.6397709250450134,0.000100000005
32,9.785870552062988,3.2523632049560547,3.251443386077881,3.2522852420806885,3.2523632049560547,0.9024937152862549,0.6596838235855103,3.251443386077881,0.9023741483688354,0.6624162197113037,3.2522852420806885,0.9024306535720825,0.666840136051178,9.573988914489746,3.1813862323760986,3.1817026138305664,3.181330442428589,3.1813862323760986,0.8847736120223999,0.6335241794586182,3.1817026138305664,0.8849363923072815,0.6527850031852722,3.181330442428589,0.8848863840103149,0.6330036520957947,0.000100000005
33,9.78217601776123,3.250415563583374,3.2511343955993652,3.25111722946167,3.250415563583374,0.9021421074867249,0.6690521240234375,3.2511343955993652,0.9021168947219849,0.6718496084213257,3.25111722946167,0.9020631909370422,0.6661895513534546,9.570121765136719,3.1802895069122314,3.1803297996520996,3.1801517009735107,3.1802895069122314,0.8842514753341675,0.6533055901527405,3.1803297996520996,0.8844569325447083,0.6897449493408203,3.1801517009735107,0.8841677308082581,0.6694430112838745,0.000100000005
34,9.777905464172363,3.249208450317383,3.250410556793213,3.2490479946136475,3.249208450317383,0.9015846252441406,0.6727603673934937,3.250410556793213,0.90177983045578,0.6656691431999207,3.2490479946136475,0.9014431238174438,0.6701580882072449,9.571725845336914,3.1811459064483643,3.1806294918060303,3.1807878017425537,3.1811459064483643,0.8836008310317993,0.7147319316864014,3.1806294918060303,0.883659303188324,0.6970328092575073,3.1807878017425537,0.8834279775619507,0.7204580903053284,0.000100000005
35,9.778590202331543,3.2499489784240723,3.249171495437622,3.25053334236145,3.2499489784240723,0.9016647338867188,0.6711339354515076,3.249171495437622,0.9015272259712219,0.6711990237236023,3.25053334236145,0.9014543294906616,0.6706134676933289,9.568778991699219,3.180176019668579,3.1800198554992676,3.1797730922698975,3.180176019668579,0.8847806453704834,0.6574700474739075,3.1800198554992676,0.8848139643669128,0.6673607230186462,3.1797730922698975,0.8847634196281433,0.6756897568702698,0.000100000005
36,9.775777816772461,3.249925374984741,3.249650716781616,3.2475483417510986,3.249925374984741,0.9015725255012512,0.6675558090209961,3.249650716781616,0.9016402959823608,0.6671654582023621,3.2475483417510986,0.9012513756752014,0.6685966849327087,9.57229995727539,3.1813931465148926,3.1811907291412354,3.181312084197998,3.1813931465148926,0.8841813802719116,0.6517438888549805,3.1811907291412354,0.8842225670814514,0.6887037754058838,3.181312084197998,0.8839371800422668,0.6881832480430603,0.000100000005
37,9.77806282043457,3.2501652240753174,3.250525712966919,3.24884295463562,3.2501652240753174,0.9014546871185303,0.661895751953125,3.250525712966919,0.9015983939170837,0.6620909571647644,3.24884295463562,0.9012869000434875,0.6650835871696472,9.570755004882812,3.180755138397217,3.180748224258423,3.1806585788726807,3.180755138397217,0.8840335607528687,0.6298802495002747,3.180748224258423,0.8840889930725098,0.6767308712005615,3.1806585788726807,0.8837166428565979,0.6309214234352112,0.000100000005
38,9.772257804870605,3.2470619678497314,3.2484118938446045,3.248159170150757,3.2470619678497314,0.9011102318763733,0.659358561038971,3.2484118938446045,0.9011245965957642,0.6708086729049683,3.248159170150757,0.9009814262390137,0.666384756565094,9.562152862548828,3.17754864692688,3.1780037879943848,3.1778481006622314,3.17754864692688,0.8845164179801941,0.6814159154891968,3.1780037879943848,0.8848627805709839,0.680374801158905,3.1778481006622314,0.8848714828491211,0.6777719855308533,0.000100000005
39,9.766104698181152,3.245560646057129,3.2464098930358887,3.2455525398254395,3.245560646057129,0.9004480242729187,0.660659670829773,3.2464098930358887,0.9006006717681885,0.6691171526908875,3.2455525398254395,0.9006344676017761,0.6611801385879517,9.582357406616211,3.1850476264953613,3.1846792697906494,3.1841964721679688,3.1850476264953613,0.8834949135780334,0.6762102842330933,3.1846792697906494,0.8835940957069397,0.671525239944458,3.1841964721679688,0.8834618330001831,0.6751691699028015,0.000100000005
40,9.768609046936035,3.2468655109405518,3.246788263320923,3.246413469314575,3.2468655109405518,0.9006569981575012,0.6649534702301025,3.246788263320923,0.9010567665100098,0.6609199047088623,3.246413469314575,0.900775671005249,0.666449785232544,9.568168640136719,3.1798882484436035,3.1798691749572754,3.1798462867736816,3.1798882484436035,0.8835724592208862,0.6356064677238464,3.1798691749572754,0.8835294842720032,0.6673607230186462,3.1798462867736816,0.8833606243133545,0.6543467044830322,0.000100000005
41,9.754859924316406,3.2425615787506104,3.2420034408569336,3.2416789531707764,3.2425615787506104,0.8997341394424438,0.660984992980957,3.2420034408569336,0.8995622992515564,0.6680111885070801,3.2416789531707764,0.8996408581733704,0.6601392030715942,9.561936378479004,3.178105592727661,3.1776435375213623,3.1775639057159424,3.178105592727661,0.8834133744239807,0.689224362373352,3.1776435375213623,0.8833383321762085,0.6850598454475403,3.1775639057159424,0.8831547498703003,0.6991150379180908,0.000100000005
42,9.75482177734375,3.241921901702881,3.2426161766052246,3.241760015487671,3.241921901702881,0.8998026847839355,0.6643679738044739,3.2426161766052246,0.899989664554596,0.661830723285675,3.241760015487671,0.8997771739959717,0.6637173891067505,9.565390586853027,3.179048776626587,3.179497718811035,3.17842960357666,3.179048776626587,0.8830572962760925,0.6710047125816345,3.179497718811035,0.8833554983139038,0.6590317487716675,3.17842960357666,0.8828874826431274,0.662675678730011,0.000100000005
43,9.757952690124512,3.2430789470672607,3.2426905632019043,3.2437939643859863,3.2430789470672607,0.8995888829231262,0.6637173891067505,3.2426905632019043,0.8997620940208435,0.6625463366508484,3.2437939643859863,0.8997186422348022,0.6602693200111389,9.55643367767334,3.1762797832489014,3.1756348609924316,3.175964117050171,3.1762797832489014,0.8831199407577515,0.6741280555725098,3.1756348609924316,0.8828325867652893,0.6684018969535828,3.175964117050171,0.8829891085624695,0.671525239944458,0.000100000005
44,9.754616737365723,3.241386651992798,3.2419819831848145,3.2426345348358154,3.241386651992798,0.8994354009628296,0.6572116613388062,3.2419819831848145,0.8995727896690369,0.6522672772407532,3.2426345348358154,0.8996710181236267,0.6619608402252197,9.567103385925293,3.1797828674316406,3.179380178451538,3.179133176803589,3.1797828674316406,0.8821329474449158,0.6647579669952393,3.179380178451538,0.8821092247962952,0.6600728631019592,3.179133176803589,0.8820273876190186,0.6710047125816345,0.000100000005
45,9.755773544311523,3.2416951656341553,3.2424395084381104,3.2428810596466064,3.2416951656341553,0.8991259336471558,0.6680111885070801,3.2424395084381104,0.89947110414505,0.6564309597015381,3.2428810596466064,0.8992704153060913,0.6577971577644348,9.55737590789795,3.176443099975586,3.176091432571411,3.1760470867156982,3.176443099975586,0.8819925785064697,0.7105674147605896,3.176091432571411,0.8819547295570374,0.7011972665786743,3.1760470867156982,0.8820860385894775,0.7079645991325378,0.000100000005
46,9.7545747756958,3.241175413131714,3.2424967288970947,3.2422685623168945,3.241175413131714,0.8988284468650818,0.6555201411247253,3.2424967288970947,0.8989474177360535,0.6473879218101501,3.2422685623168945,0.8990219235420227,0.6559755206108093,9.55258560180664,3.1745920181274414,3.1745853424072266,3.1748244762420654,3.1745920181274414,0.8818057775497437,0.7038000822067261,3.1745853424072266,0.881817638874054,0.6980739235877991,3.1748244762420654,0.8817934989929199,0.7027589678764343,0.000100000005
47,9.744612693786621,3.238117218017578,3.239131212234497,3.2387166023254395,3.238117218017578,0.8983111381530762,0.6648884415626526,3.239131212234497,0.8986890912055969,0.6574068069458008,3.2387166023254395,0.8984835147857666,0.6695075035095215,9.56006908416748,3.176661252975464,3.177438974380493,3.1772141456604004,3.176661252975464,0.8807919025421143,0.7043206691741943,3.177438974380493,0.8809674382209778,0.7017178535461426,3.1772141456604004,0.8808847069740295,0.6798542141914368,0.000100000005
48,9.747812271118164,3.2387683391571045,3.2399635314941406,3.240358829498291,3.2387683391571045,0.898644208908081,0.6644330024719238,3.2399635314941406,0.8989162445068359,0.6533081531524658,3.240358829498291,0.8987969756126404,0.6638475060462952,9.559412956237793,3.177427291870117,3.177016258239746,3.176273822784424,3.177427291870117,0.8812479972839355,0.6793336868286133,3.177016258239746,0.8811866044998169,0.6725663542747498,3.176273822784424,0.8812446594238281,0.7110880017280579,0.000100000005
49,9.747132301330566,3.2392830848693848,3.239919424057007,3.239189863204956,3.2392830848693848,0.898080587387085,0.6604645252227783,3.239919424057007,0.8984847664833069,0.6568863391876221,3.239189863204956,0.8982787132263184,0.661440372467041,9.575959205627441,3.1819519996643066,3.1827337741851807,3.182752847671509,3.1819519996643066,0.8806413412094116,0.674648642539978,3.1827337741851807,0.880818247795105,0.6631962656974792,3.182752847671509,0.8808220028877258,0.6689224243164062,0.000100000005
50,9.73471450805664,3.23478364944458,3.236145257949829,3.235372304916382,3.23478364944458,0.8975541591644287,0.6630668044090271,3.236145257949829,0.8980583548545837,0.65571528673172,3.235372304916382,0.8977093696594238,0.6554550528526306,9.537375450134277,3.1697733402252197,3.1696064472198486,3.169659376144409,3.1697733402252197,0.8815804123878479,0.6985945105552673,3.1696064472198486,0.8815897703170776,0.6985945105552673,3.169659376144409,0.8815701007843018,0.681936502456665,1.0000001e-05
51,9.731185913085938,3.2336044311523438,3.2351176738739014,3.234191656112671,3.2336044311523438,0.8973258137702942,0.6715893745422363,3.2351176738739014,0.8975777626037598,0.6644980907440186,3.234191656112671,0.8975454568862915,0.6633921265602112,9.536629676818848,3.1695024967193604,3.169445037841797,3.1694679260253906,3.1695024967193604,0.8815085291862488,0.7131702303886414,3.169445037841797,0.8815969228744507,0.7131702303886414,3.1694679260253906,0.8815243244171143,0.7064028978347778,1.0000001e-05
52,9.721505165100098,3.2314326763153076,3.2314186096191406,3.2305068969726562,3.2314326763153076,0.896669328212738,0.6712640523910522,3.2314186096191406,0.8970222473144531,0.6644980907440186,3.2305068969726562,0.8970375061035156,0.6628065705299377,9.534668922424316,3.1688332557678223,3.168776273727417,3.1689770221710205,3.1688332557678223,0.8812476992607117,0.6985945105552673,3.168776273727417,0.8813077211380005,0.7038000822067261,3.1689770221710205,0.8812823295593262,0.6850598454475403,1.0000001e-05
53,9.725452423095703,3.2313263416290283,3.2332615852355957,3.232839822769165,3.2313263416290283,0.8966535925865173,0.6626764535903931,3.2332615852355957,0.8970924019813538,0.6601392030715942,3.232839822769165,0.896987795829773,0.6621559858322144,9.541263580322266,3.1709659099578857,3.1711158752441406,3.171234130859375,3.1709659099578857,0.8808900117874146,0.7121291160583496,3.1711158752441406,0.88105708360672,0.7110880017280579,3.171234130859375,0.8809725046157837,0.7110880017280579,1.0000001e-05
54,9.725412368774414,3.2319817543029785,3.23364520072937,3.2318990230560303,3.2319817543029785,0.8966019749641418,0.6649534702301025,3.23364520072937,0.8971308469772339,0.6635222434997559,3.2318990230560303,0.8968726396560669,0.6641727685928345,9.53557300567627,3.169137477874756,3.1691410541534424,3.169463634490967,3.169137477874756,0.8807949423789978,0.7084851861000061,3.1691410541534424,0.8809328675270081,0.7136907577514648,3.169463634490967,0.880888044834137,0.7142113447189331,1.0000001e-05
55,9.72616958618164,3.231923818588257,3.232848644256592,3.23362135887146,3.231923818588257,0.8969432711601257,0.6611151099205017,3.232848644256592,0.8972092866897583,0.6661895513534546,3.23362135887146,0.8972523212432861,0.6626764535903931,9.532332420349121,3.1681299209594727,3.168102979660034,3.1683547496795654,3.1681299209594727,0.8813589215278625,0.7136907577514648,3.168102979660034,0.8814923763275146,0.7095263004302979,3.1683547496795654,0.8814657926559448,0.7116085290908813,1.0000001e-05
56,9.723183631896973,3.2313685417175293,3.2322194576263428,3.231884002685547,3.2313685417175293,0.8965779542922974,0.6626114249229431,3.2322194576263428,0.8968501091003418,0.6563658714294434,3.231884002685547,0.8966432809829712,0.6652787923812866,9.537182807922363,3.169733762741089,3.16978120803833,3.1700243949890137,3.169733762741089,0.8809881210327148,0.7131702303886414,3.16978120803833,0.8811377286911011,0.7095263004302979,3.1700243949890137,0.8811152577400208,0.7126496434211731,1.0000001e-05
57,9.723679542541504,3.231513023376465,3.232677459716797,3.2318851947784424,3.231513023376465,0.89678555727005,0.6639776229858398,3.232677459716797,0.8970274925231934,0.6590983271598816,3.2318851947784424,0.896836519241333,0.662286102771759,9.532645225524902,3.1683380603790283,3.1682379245758057,3.1685264110565186,3.1683380603790283,0.8809720277786255,0.7079645991325378,3.1682379245758057,0.8810603022575378,0.7027589678764343,3.1685264110565186,0.8810784816741943,0.6720458269119263,1.0000001e-05
58,9.724564552307129,3.2322514057159424,3.232574939727783,3.2322237491607666,3.2322514057159424,0.8967552185058594,0.6634571552276611,3.232574939727783,0.8971095085144043,0.6555201411247253,3.2322237491607666,0.8969283699989319,0.6583176255226135,9.534306526184082,3.168785333633423,3.1689865589141846,3.1690750122070312,3.168785333633423,0.881171464920044,0.7136907577514648,3.1689865589141846,0.8813551068305969,0.7038000822067261,3.1690750122070312,0.8813027143478394,0.7095263004302979,1.0000001e-05
59,9.724438667297363,3.231076955795288,3.233241319656372,3.2326643466949463,3.231076955795288,0.8968082666397095,0.6631969213485718,3.233241319656372,0.8973520398139954,0.6587079763412476,3.2326643466949463,0.897127091884613,0.6598789691925049,9.533782005310059,3.168633222579956,3.1687800884246826,3.168917179107666,3.168633222579956,0.8810529708862305,0.7136907577514648,3.1687800884246826,0.8812220692634583,0.7048412561416626,3.168917179107666,0.8811842203140259,0.7100468277931213,1.0000001e-06
60,9.719005584716797,3.22983717918396,3.231213092803955,3.2305030822753906,3.22983717918396,0.8964734077453613,0.6641077399253845,3.231213092803955,0.8967700004577637,0.6666449904441833,3.2305030822753906,0.8967251181602478,0.6629366874694824,9.534340858459473,3.1688179969787598,3.168975830078125,3.1691062450408936,3.1688179969787598,0.8809899091720581,0.7131702303886414,3.168975830078125,0.8811609745025635,0.7074440121650696,3.1691062450408936,0.8811235427856445,0.7100468277931213,1.0000001e-06
61,9.72120189666748,3.2304954528808594,3.231801748275757,3.2314720153808594,3.2304954528808594,0.8965585827827454,0.6628716588020325,3.231801748275757,0.8970860838890076,0.6616355180740356,3.2314720153808594,0.896887481212616,0.6625463366508484,9.53494644165039,3.1690309047698975,3.1691665649414062,3.169321298599243,3.1690309047698975,0.8808803558349609,0.7157730460166931,3.1691665649414062,0.8810432553291321,0.7074440121650696,3.169321298599243,0.8810126185417175,0.7110880017280579,1.0000001e-06
62,9.724324226379395,3.2327558994293213,3.2312309741973877,3.2329044342041016,3.2327558994293213,0.8967392444610596,0.6622210741043091,3.2312309741973877,0.8968061804771423,0.6608548760414124,3.2329044342041016,0.8971034288406372,0.6599440574645996,9.53430461883545,3.1688122749328613,3.168959617614746,3.1691129207611084,3.1688122749328613,0.8809628486633301,0.7136907577514648,3.168959617614746,0.8811256289482117,0.7064028978347778,3.1691129207611084,0.8810990452766418,0.7105674147605896,1e-06
63,9.723414421081543,3.232187509536743,3.2324600219726562,3.2313549518585205,3.232187509536743,0.8965539932250977,0.6630017757415771,3.2324600219726562,0.897061824798584,0.6585127711296082,3.2313549518585205,0.8967498540878296,0.661895751953125,9.533650398254395,3.168607711791992,3.1687304973602295,3.1689016819000244,3.168607711791992,0.8809594511985779,0.7136907577514648,3.1687304973602295,0.8811121582984924,0.7064028978347778,3.1689016819000244,0.8810938000679016,0.7100468277931213,1e-06
64,9.715168952941895,3.2289631366729736,3.230412006378174,3.2283966541290283,3.2289631366729736,0.8962771892547607,0.6670353412628174,3.230412006378174,0.8968378305435181,0.6626114249229431,3.2283966541290283,0.8964417576789856,0.6699629426002502,9.535232543945312,3.1691129207611084,3.169281005859375,3.1694369316101074,3.1691129207611084,0.8808372616767883,0.7116085290908813,3.169281005859375,0.8810024261474609,0.7058823704719543,3.1694369316101074,0.880979597568512,0.7110880017280579,1e-06
65,9.722264289855957,3.2302334308624268,3.2324020862579346,3.2322301864624023,3.2302334308624268,0.8964922428131104,0.6633921265602112,3.2324020862579346,0.896873950958252,0.6588380932807922,3.2322301864624023,0.8967359066009521,0.6628716588020325,9.534829139709473,3.1689913272857666,3.169133186340332,3.169318199157715,3.1689913272857666,0.8808054327964783,0.7116085290908813,3.169133186340332,0.8809617757797241,0.7069234848022461,3.169318199157715,0.8809488415718079,0.7116085290908813,1e-06
66,9.72038745880127,3.2306859493255615,3.231037139892578,3.2312724590301514,3.2306859493255615,0.8963449001312256,0.6665799021720886,3.231037139892578,0.8965626358985901,0.6672955751419067,3.2312724590301514,0.8965992331504822,0.661895751953125,9.53571605682373,3.169267177581787,3.1694581508636475,3.169610023498535,3.169267177581787,0.8808028697967529,0.7121291160583496,3.1694581508636475,0.8809714317321777,0.7053617835044861,3.169610023498535,0.8809471726417542,0.7110880017280579,1e-06
67,9.717649459838867,3.229931116104126,3.2308146953582764,3.2295358180999756,3.229931116104126,0.8962092995643616,0.6667100191116333,3.2308146953582764,0.8965387940406799,0.6673606038093567,3.2295358180999756,0.8962314128875732,0.6667100191116333,9.534527778625488,3.168898582458496,3.1690564155578613,3.1692097187042236,3.168898582458496,0.8808133602142334,0.7110880017280579,3.1690564155578613,0.8809735178947449,0.7038000822067261,3.1692097187042236,0.8809502720832825,0.7116085290908813,1e-06
68,9.719696998596191,3.2306113243103027,3.230527639389038,3.231191396713257,3.2306113243103027,0.8962686657905579,0.6648884415626526,3.230527639389038,0.8966516852378845,0.6642378568649292,3.231191396713257,0.8966327905654907,0.662286102771759,9.534239768981934,3.1688129901885986,3.168959140777588,3.1691181659698486,3.1688129901885986,0.8808192014694214,0.7110880017280579,3.168959140777588,0.8809695243835449,0.7038000822067261,3.1691181659698486,0.8809511065483093,0.7105674147605896,1e-06
69,9.727581977844238,3.232255220413208,3.2340290546417236,3.233948230743408,3.232255220413208,0.8965811729431152,0.661895751953125,3.2340290546417236,0.8968363404273987,0.6579923033714294,3.233948230743408,0.8968263864517212,0.661440372467041,9.533231735229492,3.168492555618286,3.1686348915100098,3.168764114379883,3.168492555618286,0.8809394240379333,0.7116085290908813,3.1686348915100098,0.8810890316963196,0.7038000822067261,3.168764114379883,0.8810615539550781,0.7100468277931213,1e-06
70,9.713899612426758,3.229145050048828,3.228874683380127,3.228541612625122,3.229145050048828,0.8964264392852783,0.6653438210487366,3.228874683380127,0.8965913653373718,0.6629366874694824,3.228541612625122,0.8965864181518555,0.6613753437995911,9.533693313598633,3.1686606407165527,3.168776035308838,3.168923854827881,3.1686606407165527,0.8808090686798096,0.7116085290908813,3.168776035308838,0.880948543548584,0.7053617835044861,3.168923854827881,0.8809247612953186,0.7121291160583496,1e-06
71,9.71265983581543,3.228327512741089,3.228430986404419,3.2285754680633545,3.228327512741089,0.8960364460945129,0.6641727685928345,3.228430986404419,0.8962297439575195,0.6650835871696472,3.2285754680633545,0.8962522149085999,0.6656691431999207,9.53403091430664,3.168769359588623,3.1688992977142334,3.1690378189086914,3.168769359588623,0.8807892203330994,0.7110880017280579,3.1688992977142334,0.8809301257133484,0.7053617835044861,3.1690378189086914,0.8809048533439636,0.7116085290908813,1e-06
72,9.727097511291504,3.2329936027526855,3.2329156398773193,3.2338788509368896,3.2329936027526855,0.8966155052185059,0.6635222434997559,3.2329156398773193,0.8969259262084961,0.6620909571647644,3.2338788509368896,0.8970009684562683,0.660594642162323,9.535051345825195,3.1691031455993652,3.169266700744629,3.169370651245117,3.1691031455993652,0.880847156047821,0.7126496434211731,3.169266700744629,0.8809977173805237,0.7048412561416626,3.169370651245117,0.8809686303138733,0.7110880017280579,1e-06
73,9.719630241394043,3.2299299240112305,3.231443405151367,3.2309517860412598,3.2299299240112305,0.8964093923568726,0.6632620096206665,3.231443405151367,0.8968585729598999,0.6621559858322144,3.2309517860412598,0.8966552019119263,0.6589031219482422,9.534981727600098,3.1690828800201416,3.169235944747925,3.1693642139434814,3.1690828800201416,0.8807563781738281,0.7110880017280579,3.169235944747925,0.8809038400650024,0.7053617835044861,3.1693642139434814,0.8808815479278564,0.7121291160583496,1e-06
74,9.726755142211914,3.232264280319214,3.2334017753601074,3.2338039875030518,3.232264280319214,0.8961825966835022,0.6633921265602112,3.2334017753601074,0.8964921832084656,0.6623511910438538,3.2338039875030518,0.8965175151824951,0.6620909571647644,9.534492492675781,3.168919801712036,3.1690783500671387,3.1692068576812744,3.168919801712036,0.8807705044746399,0.7116085290908813,3.1690783500671387,0.8809225559234619,0.7048412561416626,3.1692068576812744,0.8809007406234741,0.7136907577514648,1e-06
75,9.723031044006348,3.2313942909240723,3.2317349910736084,3.2326154708862305,3.2313942909240723,0.8966606259346008,0.6635872721672058,3.2317349910736084,0.8968953490257263,0.6631318926811218,3.2326154708862305,0.8968091607093811,0.6604645252227783,9.533936500549316,3.16874098777771,3.1689071655273438,3.1690165996551514,3.16874098777771,0.8808423280715942,0.7121291160583496,3.1689071655273438,0.8809944987297058,0.7048412561416626,3.1690165996551514,0.8809725046157837,0.7116085290908813,1e-06
76,9.716801643371582,3.229323148727417,3.2301554679870605,3.230055809020996,3.229323148727417,0.8964474201202393,0.6639125347137451,3.2301554679870605,0.8965318202972412,0.6681413054466248,3.230055809020996,0.8963717818260193,0.6629366874694824,9.53459358215332,3.168968677520752,3.1691293716430664,3.1692323684692383,3.168968677520752,0.8807759881019592,0.7116085290908813,3.1691293716430664,0.8809249997138977,0.7048412561416626,3.1692323684692383,0.8809009790420532,0.7136907577514648,1e-06
77,9.7178316116333,3.22945237159729,3.231579303741455,3.2295455932617188,3.22945237159729,0.8962282538414001,0.6672955751419067,3.231579303741455,0.8965707421302795,0.6643028855323792,3.2295455932617188,0.8962646722793579,0.6691171526908875,9.53503704071045,3.1691155433654785,3.1692936420440674,3.1693742275238037,3.1691155433654785,0.8807286620140076,0.7126496434211731,3.1692936420440674,0.8808892369270325,0.7043206691741943,3.1693742275238037,0.8808528184890747,0.7100468277931213,1e-06
78,9.722190856933594,3.2317357063293457,3.2322497367858887,3.2309701442718506,3.2317357063293457,0.8963001370429993,0.6663196682929993,3.2322497367858887,0.8966745138168335,0.6617656350135803,3.2309701442718506,0.8964594006538391,0.6645631194114685,9.534098625183105,3.168818473815918,3.168973207473755,3.169065475463867,3.168818473815918,0.8807476758956909,0.7121291160583496,3.168973207473755,0.8808974623680115,0.7048412561416626,3.169065475463867,0.8808615803718567,0.7136907577514648,1e-06
79,9.716496467590332,3.229783296585083,3.2299060821533203,3.2295806407928467,3.229783296585083,0.8963317275047302,0.6630668044090271,3.2299060821533203,0.8964466452598572,0.6594886183738708,3.2295806407928467,0.8964551687240601,0.6612452268600464,9.534643173217773,3.1689937114715576,3.169158458709717,3.1692593097686768,3.1689937114715576,0.8806804418563843,0.7116085290908813,3.169158458709717,0.8808304071426392,0.7043206691741943,3.1692593097686768,0.8807991743087769,0.7126496434211731,1e-06
80,9.719015121459961,3.2308952808380127,3.231177568435669,3.2297210693359375,3.2308952808380127,0.8964649438858032,0.6634571552276611,3.231177568435669,0.8967553377151489,0.6624162197113037,3.2297210693359375,0.8965389132499695,0.6630017757415771,9.534849166870117,3.169074296951294,3.1692426204681396,3.1693150997161865,3.169074296951294,0.8807116150856018,0.7121291160583496,3.1692426204681396,0.8808630108833313,0.7048412561416626,3.1693150997161865,0.8808196187019348,0.7105674147605896,1e-06
81,9.718825340270996,3.230971097946167,3.2301864624023438,3.230457067489624,3.230971097946167,0.896300196647644,0.661050021648407,3.2301864624023438,0.8963448405265808,0.6635222434997559,3.230457067489624,0.8964601755142212,0.6632620096206665,9.534201622009277,3.1688642501831055,3.1690306663513184,3.1691017150878906,3.1688642501831055,0.8807445764541626,0.7126496434211731,3.1690306663513184,0.880895733833313,0.7043206691741943,3.1691017150878906,0.8808495998382568,0.7105674147605896,1e-06
82,9.71381664276123,3.228703737258911,3.228790283203125,3.2291150093078613,3.228703737258911,0.8961222171783447,0.6639125347137451,3.228790283203125,0.8964011073112488,0.6603994369506836,3.2291150093078613,0.896205723285675,0.6654739379882812,9.535305976867676,3.1692142486572266,3.1694231033325195,3.1694717407226562,3.1692142486572266,0.8806943297386169,0.7105674147605896,3.1694231033325195,0.8808540105819702,0.7053617835044861,3.1694717407226562,0.8808049559593201,0.7084851861000061,1e-06
83,9.716059684753418,3.2299768924713135,3.229862689971924,3.229027032852173,3.2299768924713135,0.8960458040237427,0.6693123579025269,3.229862689971924,0.896308183670044,0.6616355180740356,3.229027032852173,0.8961603045463562,0.6658642888069153,9.535306930541992,3.169215202331543,3.169426918029785,3.1694812774658203,3.169215202331543,0.8807101845741272,0.7105674147605896,3.169426918029785,0.8808715343475342,0.7053617835044861,3.1694812774658203,0.8808268308639526,0.7095263004302979,1e-06
84,9.712199211120605,3.22750186920166,3.229585647583008,3.2279343605041504,3.22750186920166,0.895861804485321,0.6639776229858398,3.229585647583008,0.8964569568634033,0.6638475060462952,3.2279343605041504,0.8960599899291992,0.6626764535903931,9.535572052001953,3.1693055629730225,3.1695241928100586,3.1695666313171387,3.1693055629730225,0.8806556463241577,0.7105674147605896,3.1695241928100586,0.8808184862136841,0.7048412561416626,3.1695666313171387,0.8807716965675354,0.7090057134628296,1e-06
85,9.714945793151855,3.2290220260620117,3.2299511432647705,3.2287964820861816,3.2290220260620117,0.8963086009025574,0.661440372467041,3.2299511432647705,0.8966054320335388,0.6615054607391357,3.2287964820861816,0.8963271975517273,0.6620258688926697,9.53504753112793,3.169135808944702,3.169340133666992,3.169402837753296,3.169135808944702,0.8806318640708923,0.7110880017280579,3.169340133666992,0.880793571472168,0.7048412561416626,3.169402837753296,0.8807489275932312,0.7084851861000061,1e-06
86,9.717299461364746,3.2295777797698975,3.2314066886901855,3.2291507720947266,3.2295777797698975,0.8959879875183105,0.6630668044090271,3.2314066886901855,0.8964923620223999,0.6628716588020325,3.2291507720947266,0.8961682915687561,0.6616355180740356,9.534453392028809,3.1689491271972656,3.169137477874756,3.1692092418670654,3.1689491271972656,0.8806768655776978,0.7121291160583496,3.169137477874756,0.8808295130729675,0.7043206691741943,3.1692092418670654,0.8807932734489441,0.7090057134628296,1e-06
87,9.721912384033203,3.231835126876831,3.2318575382232666,3.2310705184936523,3.231835126876831,0.8965039849281311,0.6611801385879517,3.2318575382232666,0.8966054916381836,0.6631318926811218,3.2310705184936523,0.8963747024536133,0.66599440574646,9.533252716064453,3.1685547828674316,3.168731212615967,3.1688194274902344,3.1685547828674316,0.8807571530342102,0.7116085290908813,3.168731212615967,0.8809077739715576,0.7027589678764343,3.1688194274902344,0.880873441696167,0.7090057134628296,1e-06
88,9.715729713439941,3.2298974990844727,3.229891777038574,3.2288002967834473,3.2298974990844727,0.8962743282318115,0.6645631194114685,3.229891777038574,0.8965430855751038,0.6617006063461304,3.2288002967834473,0.8963038325309753,0.6595537066459656,9.534162521362305,3.1688361167907715,3.1690618991851807,3.1691207885742188,3.1688361167907715,0.8808008432388306,0.7110880017280579,3.1690618991851807,0.8809633851051331,0.7038000822067261,3.1691207885742188,0.8809226155281067,0.7084851861000061,1e-06
89,9.71618366241455,3.2300362586975098,3.229522943496704,3.229489803314209,3.2300362586975098,0.8961473107337952,0.6622210741043091,3.229522943496704,0.8966367840766907,0.656495988368988,3.229489803314209,0.8964840173721313,0.6615054607391357,9.534418106079102,3.168919086456299,3.169156074523926,3.1692142486572266,3.168919086456299,0.8807728290557861,0.7105674147605896,3.169156074523926,0.8809345960617065,0.7038000822067261,3.1692142486572266,0.8808996677398682,0.7074440121650696,1e-06
90,9.717730522155762,3.229400873184204,3.230905771255493,3.2303056716918945,3.229400873184204,0.896180272102356,0.6652787923812866,3.230905771255493,0.8964850902557373,0.6633921265602112,3.2303056716918945,0.896515965461731,0.6620258688926697,9.533635139465332,3.168668031692505,3.168886661529541,3.1689603328704834,3.168668031692505,0.8807058930397034,0.7110880017280579,3.168886661529541,0.880867063999176,0.7032795548439026,3.1689603328704834,0.8808341026306152,0.7064028978347778,1e-06
91,9.718501091003418,3.231186628341675,3.2296524047851562,3.230550527572632,3.231186628341675,0.8962534070014954,0.6588380932807922,3.2296524047851562,0.8962904810905457,0.6572766900062561,3.230550527572632,0.8962984085083008,0.6619608402252197,9.533485412597656,3.1686298847198486,3.1688365936279297,3.16890811920166,3.1686298847198486,0.8807761073112488,0.7100468277931213,3.1688365936279297,0.8809336423873901,0.7027589678764343,3.16890811920166,0.8809030652046204,0.7043206691741943,1e-06
92,9.723308563232422,3.2316999435424805,3.231578826904297,3.232914924621582,3.2316999435424805,0.8963233828544617,0.6687268018722534,3.231578826904297,0.8968157768249512,0.6583826541900635,3.232914924621582,0.8967873454093933,0.660594642162323,9.532049179077148,3.1681621074676514,3.1683509349823,3.168433427810669,3.1681621074676514,0.8808398246765137,0.7100468277931213,3.1683509349823,0.8809902667999268,0.7038000822067261,3.168433427810669,0.8809645771980286,0.7027589678764343,1e-06
93,9.71001148223877,3.2267820835113525,3.227595567703247,3.2285280227661133,3.2267820835113525,0.8957756161689758,0.6680762767791748,3.227595567703247,0.8962647914886475,0.659358561038971,3.2285280227661133,0.8960581421852112,0.661440372467041,9.53239631652832,3.16827654838562,3.168459892272949,3.16856050491333,3.16827654838562,0.8807340264320374,0.7095263004302979,3.168459892272949,0.8808825612068176,0.7022384405136108,3.16856050491333,0.8808621168136597,0.7017178535461426,1e-06
94,9.716801643371582,3.2298524379730225,3.2293386459350586,3.2305195331573486,3.2298524379730225,0.8963173627853394,0.661895751953125,3.2293386459350586,0.8965985178947449,0.6609199047088623,3.2305195331573486,0.8966943025588989,0.6625463366508484,9.533124923706055,3.1684975624084473,3.168736457824707,3.168802261352539,3.1684975624084473,0.8808210492134094,0.7100468277931213,3.168736457824707,0.8809829950332642,0.7006767392158508,3.168802261352539,0.8809508085250854,0.7038000822067261,1e-06
95,9.716094970703125,3.2289299964904785,3.229719877243042,3.230356454849243,3.2289299964904785,0.8961787223815918,0.6579272747039795,3.229719877243042,0.8965193629264832,0.6588380932807922,3.230356454849243,0.8964370489120483,0.661440372467041,9.533512115478516,3.1686275005340576,3.1688737869262695,3.168936014175415,3.1686275005340576,0.880715548992157,0.7095263004302979,3.1688737869262695,0.880884051322937,0.7022384405136108,3.168936014175415,0.880850613117218,0.7032795548439026,1e-06
96,9.721908569335938,3.2323319911956787,3.231606960296631,3.2308928966522217,3.2323319911956787,0.8963413834571838,0.6633921265602112,3.231606960296631,0.8965228796005249,0.6583826541900635,3.2308928966522217,0.8962989449501038,0.6640426516532898,9.531573295593262,3.168020486831665,3.16821026802063,3.1682796478271484,3.168020486831665,0.8808016777038574,0.7100468277931213,3.16821026802063,0.8809500932693481,0.7027589678764343,3.1682796478271484,0.8809224963188171,0.7043206691741943,1e-06
97,9.716903686523438,3.2294507026672363,3.230966091156006,3.2294318675994873,3.2294507026672363,0.8963272571563721,0.6634571552276611,3.230966091156006,0.8969165682792664,0.661050021648407,3.2294318675994873,0.896591305732727,0.6559755206108093,9.531683921813965,3.1680448055267334,3.168271780014038,3.1683125495910645,3.1680448055267334,0.8808232545852661,0.7095263004302979,3.168271780014038,0.8809822797775269,0.7022384405136108,3.1683125495910645,0.8809436559677124,0.7038000822067261,1e-06
98,9.727795600891113,3.232816457748413,3.2351231575012207,3.232804775238037,3.232816457748413,0.8966009616851807,0.6646282076835632,3.2351231575012207,0.8970646262168884,0.6596838235855103,3.232804775238037,0.8968033194541931,0.6630017757415771,9.531322479248047,3.16793155670166,3.16815185546875,3.168191432952881,3.16793155670166,0.880854606628418,0.7110880017280579,3.16815185546875,0.881011962890625,0.7027589678764343,3.168191432952881,0.8809707164764404,0.7043206691741943,1e-06
99,9.72487735748291,3.232901096343994,3.2330918312072754,3.231837034225464,3.232901096343994,0.8964951634407043,0.6635872721672058,3.2330918312072754,0.8969451189041138,0.6587730050086975,3.231837034225464,0.8964253664016724,0.660659670829773,9.531404495239258,3.1679675579071045,3.1681857109069824,3.1682074069976807,3.1679675579071045,0.880836009979248,0.7116085290908813,3.1681857109069824,0.8809903860092163,0.7027589678764343,3.1682074069976807,0.8809400796890259,0.7069234848022461,1e-06
